test,category
"여러 글에서 다양한 정보를 종합하며 읽는 능력은 많은 정보가 산재해 있는 디지털 환경에서 더욱 중요해졌다. 궁금증 해소나 글쓰기 등 문제 해결을 위한 목적으로 글 읽기를 할 때에 한 편의 글에 원하는 정보가 충분하지 않다면, 여러 글을 읽으며 이를 해결할 수 있다. 독자는 우선 문제 해결에 도움이 되는 글들을 찾아야 한다. 읽을 글을 선정할 때에는 믿을 만한 글인지와 읽기 목적과 관련이 있는 글인지를 평가하는 것이 중요하다. ㉠ 신뢰성 평가는 글의 저자, 생산 기관, 출판 시기 등 출처에 관한 정보를 확인하여 그 글이 믿을 만한지 판단하는 것이다. ㉡ 관련성 평가는 글의 내용에 읽기 목적과 부합하는 정보가 있는지 판단하는 것인데, 이를 위해서는 읽기 목적을 지속적으로 떠올리며 평가해 가야 한다. 문제를 해결하기에 적절한 글들을 선정했다면, 다음으로는 읽기 목적에 맞게 글을 읽어야 한다. 이때 글의 정보는 독자가 이해한 의미로 재구성되고 이 과정에서 독자는 선택하기, 연결 하기, 조직하기 전략을 활용한다. 이들 세 전략은 꼭 순서대로 사용하는 것은 아니며 반복해서 활용할 수 있다. 선택하기란 읽은 글에서 필요한 정보를 추출하는 전략이다. 연결하기란 읽은 글들에서 추출한 정보들을 정교화하며 연결하여, 읽은 글에서는 나타나지 않던 의미를 구성하거나 심화된 의미로 나아가는 전략이다. 글의 정보를 재구조화하는 것은 조직하기 라고 한다. 예를 들어, 시간의 순서에 따른 글과 정보 나열의 글을 읽고, 읽은 글의 구조와는 다른 비교?대조의 구조로 의미를 구성할 수 있다. 이러한 전략을 적극적으로 활용하면, 정보의 홍수 속에서 유용한 정보를 찾아 삶의 여러 문제를 해결하는 데에도 도움이 될 것이다.",독서이론
"정당과 같은 정치 조직이 민주적 방식과 절차로 운영되어야 하는 것은 당연하다. 그런데 민주적 운영 체제를 갖추었으면서도 실제로는 일부 소수에게 권력이 집중되어 있는 경우도 적지 않다. 조직 운영에서 보이는 이러한 현상을 흔히 과두제라 한다. 이는 정치 조직에서뿐만 아니라 기업 경영에서도 나타난다. 모든 주주가 경영진을 이루어 상호 협력 관계를 기반으로 기업을 운영하며 의사 결정권도 균등하게 행사하는 경우에 이를 ‘공동체적 경영’이라 부르기도 한다. 이런 기업에서 경영진은 모두 업무와 관련하여 전문성을 가지며, 경영 수익에 관련된 중요한 사항은 주주들이 공동으로 결정한다. 그러나 기업의 규모가 성장하고 사업이 다양해지면, 소수의 의사 결정에 따른 수직적 경영으로 효율성을 지향하는 ‘과두제적 경영’으로 나아가는 일도 있다. 과두제적 경영 은 소수의 경영자로 이루어진 경영진이 강한 결속력을 가지면서 실질적 권한과 정보를 독점하며 기업을 운영하는 것을 말한다. 이런 체제는 전문성과 경험을 갖춘 경영진을 중심으로 안정적 경영권이 확보될 수 있도록 하여, 기업 전략을 장기적으로 수립하고, 이에 맞춰 과감하고 지속적인 투자를 할 수 있어서 첨단 핵심 기술의 개발에도 유리한 면이 있다. 그리고 기업과 경영진 간의 높은 일체성은 위기 상황에서 신속한 의사 결정으로 효율적인 대처를 하는 데 도움을 주기도 한다. 그런데 대체로 주주의 수가 많으면 개별 주주의 결정권은 약하고, 소수의 경영진이 기업을 장악하는 힘은 크다. 이를 이용하여 정보와 권한이 집중된 소수의 경영진이 사익에 치중하면 다수 주주의 이익이 침해되는 폐해가 나타날 수 있다. 경영 성과를 실제보다 부풀려 투자를 유치한 뒤 주주들에게 회복하기 어려운 손해를 입히는 경우도 있으며, 기업 운영에 중대한 영향을 미치는 주요 정보들을 은폐하거나 경영 상황을 조작하여 발표함으로써 결과적으로 기업의 가치에 심각한 타격을 주는 사례도 종종 보게 된다. 이러한 문제점을 완화하기 위해 기업이 경영자와 계약을 체결하여 급여 이외의 경제적 이익을 동기로 부여하는 방안이 있다. 예를 들면, 일정 수량의 주식을 계약 시에 정한 가격으로 미래에 매수할 수 있도록 하는 스톡옵션의 권리를 경영자에게 부여하는 방식이 있다. 이 권리를 행사할지 말지는 자유이고, 경영자는 매수 시점을 유리하게 선택할 수 있다. 또 아직 우리 나라에 도입되지는 않았지만, 기업의 주식 가치가 목표치 이상 으로 올랐을 때 경영자가 그에 상응하는 보상을 받는 주식 평가 보상권의 방식도 있다. 기업 경영의 건전성을 확보하기 위해 마련된 공적 제도들은 과두제적 경영의 폐해를 방지하는 기능도 한다. 기업의 주식 가치에 영향을 미칠 수 있는 정보 제공을 법적으로 의무화한 경영 공시 제도는 경영 투명성을 높이려는 것이다. 이를 통해 경영진과 주주들 간 정보 격차가 줄어들 수 있다. 기업의 이사회에 외부 인사를 이사로 참여시키도록 하는 사외 이사 제도는 독단적인 의사 결정을 견제함으로써 폐쇄적 경영으로 인한 정보와 권한의 집중을 억제하는 효과를 거둘 수 있다.",사회
"식품 포장재, 세제 용기 등으로 사용되는 플라스틱은 생활에서 흔히 ⓐ 접할 수 있다. 플라스틱은 ‘성형할 수 있는, 거푸집으로 조형이 가능한’이라는 의미의 ‘플라스티코스’라는 그리스어에서 온 말로, 열과 압력으로 성형할 수 있는 고분자 화합물을 이른다. 플라스틱은 단위체인 작은 분자가 수없이 반복 연결되는 중합을 통해 만들어진 거대 분자로 이루어져 있다. 단위체들은 공유 결합으로 연결되는데, 분자를 구성하는 원자들이 서로 전자를 공유하여 안정한 상태가 되는 결합을 공유 결합이라 한다. 두 원자가 각각 전자를 하나씩 내어놓아 그 두 개의 전자를 한 쌍으로 공유하면 단일 결합이라 하고, 두 쌍을 공유하면 이중 결합이라 한다. 공유 전자쌍이 많을수록 원자 간의 결합력은
강하다. 대부분의 원자는 가장 바깥 전자 껍질의 전자 수가 8개가 될 때 안정해진다. 탄소 원자는 가장 바깥 전자 껍질에 4개의 전자를 갖고 있어, 다른 원자들과 전자를 공유하여 안정 해질 수 있으며 다양한 형태의 공유 결합이 가능하여 거대한 분자의 골격을 이룰 수 있다. 플라스틱의 한 종류인 폴리에틸렌은 에틸렌 분자들이 서로 연결되는 중합 과정을 거쳐 만들어진다. 에틸렌은 두 개의 탄소 원자와 네 개의 수소 원자로 이루어지는데, 두 개의 탄소 원자가 서로 이중 결합을 하고 각각의 탄소 원자는 두 개의 수소 원자와 단일 결합을 한다. 탄소 원자 간의 이중 결합에서는 한 결합이 다른 하나보다 끊어지기 쉽다. 에틸렌의 중합에는 여러 가지 방법이 있는데 그중에 하나는 과산화물 개시제를 사용하는 것이다. 열을 흡수한 과산화물 개시제는 가장 바깥 껍질에 7개의 전자가 있는 불안정한 상태의 원자를 가진 분자로 분해된다. 이 불안정한 원자는 안정해지기 위해 에틸렌이 가진 탄소의 이중 결합 중 더 약한 결합을 끊어 버리면서 에틸렌의 한쪽 탄소 원자와 전자를 공유하며 단일 결합 한다. 그러면 다른 쪽 탄소 원자는 공유되지 못한, 홀로 남은 전자를 갖게 된다. 이 불안정한 탄소 원자는 같은 방식으로 다른 에틸렌 분자와 반응을 하게 되고, 이와 같은 반응이 이어지며 불안정해지는 탄소 원자가 계속 생성된다. 에틸렌 분자들이 결합하여 더해지면 이것들은 사슬 형태를 이루며, 이 사슬은 지속적으로 성장하고 사슬 끝에는 불안정한 탄소 원자가 존재하게
된다. 성장하는 두 사슬의 끝이 서로 만나 결합하여 안정한 상태가 되면 반복적인 반응이 멈추게 된다. ㉠ 이 중합 과정을 거쳐 에틸렌 분자들은 폴리에틸렌이라는 고분자 화합물이 된다. 플라스틱을 이루는 거대한 분자들은 길이가 길다. 그래서 사슬들이 일정한 방향으로 나란히 배열되어 있는 결정 영역은, 분자들 전체에서 기대할 수는 없지만 부분적으로 있을 수는 있다. 플라스틱에서 결정 영역이 차지하는 부분의 비율은 여러 조건에 따라 조절이 가능하고 물성에 영향을 미친다. 결정 영역이 많아질수록 플라스틱은 유연성이 낮아 충격에 약하고 가공성이 떨어지며 점점 불투명해지지만, 밀도가 높아져 단단해지고 화학 물질에 대한 민감성이 감소하며 열에 의해 잘 변형되지 않는다.
이런 성질을 활용하여 필요에 따라 다양한 종류의 플라스틱을 만들 수 있다.",과학
"(가) 전통적인 윤리학의 주요 주제는 ‘선’, ‘올바름’과 같은 도덕 용어에 대한 해명을 바탕으로 무엇이 옳고 그른지를 판정하는 객관적 근거를 ⓐ 찾는 것이다. 그러나 윤리학은 오랫동안 그에 대한 만족스러운 답을 ⓑ 내놓지 못했다. 이러한 상황에서 에이어 는 도덕적으로 옳고 그름에 관한 문장인 도덕 문장이 진리 적합성, 즉 참 또는 거짓일 수 있다는 성질을 갖지 않는다는 주장을 ⓒ 펼쳤다. 에이어는 진리 적합성을 갖는 모든 문장은 그 문장에 사용된 단어의 정의를 통해 검증되는 분석적 문장이거나 경험적 관찰에 의해 검증되는 종합적 문장이라는 원리를 바탕으로 도덕 문장은
진리 적합성이 없다고 주장했다. 우선 그는 도덕 문장은 분석적이지 않다는 기존의 논의를 수용했다. ‘선은 A이다.’라는 도덕 문장이 분석적이려면, 술어인 ‘A’가 주어인 ‘선’이라는 개념 속에 내포되어 있어야 한다. 하지만 ‘선’은 속성이나 내용을 더 이상 분석할 수 없는 단순 개념이므로 해당 문장은 분석적이지 않다. 그렇다고 해서 ‘선은 A이다.’라는 도덕 문장이 경험적 관찰로 검증될 수 있는 것도 아니다. ‘선’ 그 자체는 우리의 감각으로 검증할 수 없기 때문이다. 도덕 문장은 다양한 감정이나 태도를 표현하고 타인의 감정을 ⓓ 불러일으키는 정서적 의미를 갖는다고 에이어는 주장했다. 그는 많은 사람들이 도덕 문장이 진리 적합성을 갖는다고 오해하는 것은 도덕 용어의 두 가지 용법을 구분하지 못해서라고 주장한다. 그에 따르면 도덕 용어는 감정을 표현하는 표현적 용법으로도, 세계에 관한 어떤 사실을 기술하는 기술적 용법으로도 사용될 수 있다. 만약 ‘도둑질은 나쁘다.’가 도둑질이 사회적으로 배척된다는 사실을 기술하는 문장이라면, 이 문장은 도덕적으로 옳고 그름에 관한 것이 아니다. 따라서 이 문장은 도덕 문장이 아니고, 경험적으로 검증이 가능하다. 반대로 그 문장이 도둑질에 대한 화자의 감정을 표현한 문장이라면 이는 도덕 문장이며 어떤 사실을 기술한 것이 아니다. 에이어에게는 ‘도둑질은 나쁘다.’와 같은 도덕 문장을 진술하는 것은 감정을 담은 어조로 ‘네가 도둑질을 하다니!’라고 말하는 것과 다름없기 때문이다. 그의 주장대로라면 도덕 문장은 감정을 표현하는 도덕 주체로부터 독립적으로 존재하는 무언가를 기술할 수 없다. 이는 전통적인 윤리학자들의 기본 가정을 부정하는 급진적 주장이지만 윤리학에 새로운 사고를 ⓔ 열어 준 선구적인 면도 있다. (나) 논리학에서 제기된 의문이 윤리학의 특정 견해에 대한 비판이 되기도 한다. 다음 논의는 이를 보여 준다. ‘P이면 Q이다. P이다. 따라서 Q이다.’인 논증을 전건 긍정식이라 한다. 전건 긍정식은 ‘P이면 Q이다.’와 ‘P이다.’라는 두 전제가 참이면 결론 ‘Q이다.’는 반드시 참이라는 뜻에서 타당하다. 그런데 어떤 문장이 단독으로 진술되는 경우에는 감정이나 태도를 표현할 수 있지만 그 문장이 조건문인 ‘P이면 Q이다.’의 부분으로 포함되는 경우에는 그렇지 않다. ‘귤은 맛있다.’는 화자의 선호라는 감정을 표현한다. 하지만 그 문장이 ‘귤은 맛있다면 귤은 비싸다.’처럼 조건문의 일부가 되면 귤에 관한 화자의 선호를 표현하지 않는다. 이에 전건 긍정식의 P가 감정이나 태도를 표현하는 문장일 때 ‘P이면 Q이다.’의 P와 ‘P이다.’의 P 사이에 내용의 차이가 생기므로, 전건 긍정식임에도 두 전제의 참이 결론 ‘Q이다.’의 참을 보장하지 않는다는 것이 ㉠ 몇몇 논리학자들이 제기한 문제였다. 전건 긍정식인 ‘표절은 나쁘다면 표절을 돕는 것은 나쁘다. 표절은 나쁘다. 따라서 표절을 돕는 것은 나쁘다.’라는 논증은 직관적으로 타당해 보인다. 하지만 ‘표절은 나쁘다.’가 감정을 표현했다면, 위 논증은 타당하지 않다고 해야 한다. 그러므로 에이어의 윤리학 견해를 고수하려면, 도덕 문장을 포함하는 전건 긍정식의 타당성을 부정하거나, 전건 긍정식은 도덕 문장을 포함할 수 없다고 해야 한다. 이 쟁점에 대해 행크스는 다음과 같이 논의를 전개하였다. ‘표절은 나쁘다.’라는 문장은 표절이라는 대상에 나쁨이라는 속성을 부여하는 내용을 가진다. 그리고 화자의 문장 진술은 그 내용과 완전히 무관할 수는 없기 때문에 그런 문장은 단독으로 진술되든 그렇지 않든 판단적이다. 문장이 판단적이라는 것은, 대상에 속성을 부여하는 내용을 지니는 것이 그 문장의 본질이라는 것을 뜻한다. 도덕 문장을 비롯한 모든 판단적 문장은 참 또는 거짓일 수 있다. 조건문에 포함된 문장도 판단적이라는 점에서 단독으로 진술될 때와 내용의 차이가 없다. 그러므로 도덕 문장을 포함하는 전건
긍정식은 타당해 보일 뿐 아니라 실제로도 타당하다. 그렇다면 ‘P이면 Q이다.’에 포함된 ‘P이다.’가 단독으로 진술된 경우와 다른 점은 무엇인가? 가령 ‘귤은 맛있다.’는, ‘귤은 맛있다면 귤은 비싸다.’라는 조건문에 포함되는 경우 화자가 대상에 속성을 부여하는 행위를 하는 것은 아니기에 그것의 판단적 본질을 발현하지 못한다. 그러나 이 맥락에서도 조건문에 포함된 ‘귤은 맛있다.’는 판단적 본질을 여전히 잃지 않는다. 다시 말해, 그 문장 자체는 대상에 속성을 부여하는 내용을 지닌다.",인문
"장 소저 가 남복을 벗고 담장 소복으로 여복을 개착하고 금로에 향을 사르며 시랑의 영위 먼저 차린 후 제문을 읽으니, ⓐ 그 글에 하였으되, ‘유세차 기축 삼월 정묘 삭 십오 일에 기주 장 한림의 딸 애황은 감히 이부 시랑 이 공 영위 앞에 아뢰나이다. 오호 애재라! 소첩의 부친이 대인과 사귐이 깊사옵더니, 그 후에 대인은 귀자를 두시고 부친은 소첩을 얻으시니 피차에 동년 동일생이라. 부친이 신기한 꿈을 꾸고는 대인과 진진지연* 을 깊이 맺었더니, 슬프다, 양가 시운이 불리하여 대인은 간신의 모해를 입어 외딴섬에 유배 가시고, 부친은 대인의 억울함과 소첩의 앞길이 그릇됨을 원통히 여겨 걱정과 분노가 병이 되어 중도에 세상을 버리시니, 모친 또한 부친의 뒤를 따라 별세하시니, 외롭고 연약한 소첩은 의지할 곳이 없더라. 간적 왕희가 첩의 고독함을 업신여겨 혼인을 강제하옵기로 변복 도주하였다가, 남자로 행세하여 용문에 올라 남적을 멸하고 대공을 이룸은, 적자 왕희를 없이하여 원통함을 풀고 대인과 공자를 찾아 혼약을 이루기 위함이었는데, 사신의 말을 들으니 대인 부자가 형적이 없다 하니, 반드시 수중고혼이 되신지라. 어찌 참통치 않으리잇고. 이에 한 잔 술을 바치옵나니 삼가 바라건대 존령은 흠향 하옵소서.’ 하였더라. (중략) 각설. 이 공자 대봉이 부친을 모시고 ㉠ 용궁을 떠나 여러 날만에 ㉡황성에 올라와 머물 곳을 정한 후, 흉노의 머리 벤 것을 봉하여 성상께 올릴새 상소를 지어 전후사연을 주달하였거늘, 이때 성상이 이 시랑 부자의 생사를 알지 못하시고 장 소저의 앞길을 애련히 여기사 마음에 잊지 못하시더니, 또 장 소저의 상표가 이르렀거늘 상이 반기사 급히 열어 보시니 왈, ‘신첩 장애황은 일장 표를 용탑 하에 올리나이다. 신첩이 성상의 큰 은혜를 받자와 바닷가에서 제를 올려 고혼을 위로하오나, 이승과 저승이 판이하게 달라 영혼이 자취가 없사오니, 비록 앞에 와 흠향하온들 어찌 알 리 있사오리잇가. 아득한 경상과 슬픈 마음을 진정치 못하와 제를 지내며 통곡하옵더니, 천우 신조하와 삭발 승려를 만나오니 이 곧 시랑 이익의 처 양씨라. 비록 성혼 행례는 아니 하였사오나 어찌 시어머니와 며느리 사이가 아니리잇가. 일비일희하여 즐겁기 무궁하오니, 이는 다 성상의 넓으신 덕택으로 말미암음이라. 그러나 왕희 부자는
국가를 혼란스럽게 한 간신이옵고 신첩의 원수라. 바라건대 폐하는 왕희 부자를 엄형 국문하사 국법을 밝히시고, 그 부자를 신첩에게 내어 주시면 남선우 베던 칼로 난신을 죽여 이익의 부자에게 제하여 영혼을 위로하리이다.’ 하였더라. 상이 다 보신 후 정히 처결코자 하시더니, 이때 또 하나의 표문이 올라오거늘, 상이 의괴하여 열어 보시니 ⓑ 그 소에 하였으되, ‘죄신 이대봉은 황공함과 두려운 마음으로 머리를 조아려 절을 올리며 한 장 표문을 황상 용탑 하에 바치옵나이다. 신의 부자가 간신 왕희의 모함을 입었사오나, 폐하의 성덕을 입사와 이 한목숨에 너그러움을 베풀어 ㉢ 해도에 내치신 덕택으로 유배지로 가옵더니, 도중을 향하와 배를 타고 대해 중에 행하옵더니, 뜻밖에 뱃사람들이 달려들어 아비를 결박하여 물에 던지거늘, 신의 아비 죽는 양을 보고 또한 뒤를 따라 수중에 빠지오매 거의 죽게 되었삽더니, 마침 서해 용왕의 구함을 입어 살아나 서역 천축국 ㉣ 백운암에 가 팔 년을 의탁하였나이다. 생각하옵건대 신의 부자가 국가의 죄인이라. 타처에 오래 있사옴이 옳지 않아 세상에 나와 수중에 빠진 아비 유골이나마 찾고 고국에 있는 어미를 찾아보고자 하와 중원으로 돌아가옵다가, 농서에서 한나라 장수 이릉의 영혼을 만나 갑옷과 투구를 얻고, 사평에서 오추마를 얻으며, 화용도에서 관 공의 영혼을 만나 칼을 얻어, 황성으로 향코자 하옵다가, 반적 흉노가 천자의 자리를 범하여 황성을 함몰하고 어가가 ㉤금릉으로 행하셨다 함을 듣고, 분심을 이기지 못하와 전죄를 무릅쓰고 천 리를 달려와 금릉에 이르러 자칭 충의장군이라 하옵고 필마단창으로 적군을 파하고 적장 묵특남과 동돌수를 베어 성상의 급하심을 구하옵고, 흉노가 도망하는 것을 따라 서릉도에 들어가 흉노를 베었나이다. 돌아오는 길에 해중에서 풍랑을 만나 나흘 밤낮을 정처 없이 가다가 천우신조하옵고, 성상의 하해지덕으로 무인절도에 다다라 바람이 그치오며, 그 섬에 올라가 죽었던 아비를 만났사오니 황명을 기다리지 아니하고 감히 함께 와 대죄하옵나니, 신의 부자의 죄 만 번 죽어도 아까울 것이 없나이다. 그러하오나 왕희는 국가의 난신적자요 신의 원수라. 뱃사람이 재물 없이 적소로 가는 죄수를 무단히 살해하올 일은 만무하온즉, 이는 반드시 왕희의 사주를 받은 것으로, 의심할 바 없는지라 바라옵건대 성상은 엄형 국문하옵신 후 왕적을 내어 주시고 신의 죄를 다스리옵소서.’ 하였더라. - 작자 미상, 이대봉전 - * 진진지연(秦晉之緣) : 혼인의 인연.",고전소설
"(가) 저 건너 ⓐ 꽁생원은 팔자를 원망토다 제 아비 덕분으로 돈천이나 가졌더니 술 한 잔 밥 한 술을 친구 대접 하였던가 주제넘게 아는 체로 ㉠ 음양술수(陰陽術數) 현혹되어 이장도 자주 하며 이사도 힘을 쓰고 당대발복(當代發福) 예 아니면 피란처가 여기로다 올 적 갈 적 행로상에 ㉡ 처자식을 흩어 놓고 유무(有無) 상관 아니하고 공것을 바라도다 기인취물(欺人取物) 하자 하니 두 번째는 아니 속고 공납(公納) 범용 하자 하니 일가 중에 부자 없고 뜬재물을 경영하여 경향출입 싸다닐 제 재상가에 ㉢ 청질하다 봉변당해 물러서며 남의 고을 걸태 하다 혼금(?禁)에 쫓겨 오기 혼인 중매 선채* 돈에 창피당해 뺨 맞으며 가대* 흥정 구문 먹기 ㉣ 핀잔 듣고 자빠지고 불의행실(不義行實) 찌그렁이 위조문서 비리호송(非理好訟) 부자나 후려 볼까 ㉤ 감언이설 꾀어 보자 언막이에 보막이며 은광이며 금광이라 큰길가에 색주가며 노름판에 푼돈 떼기 남북촌에 뚜쟁이로 인물 초인(招引) 하여 볼까 산진매 수진매로 사냥질로 놀아나기 혼인 핑계 어린 딸이 백 냥짜리 되었구나 대종손 양반 자랑 산소나 팔아 볼까 아낙은 친정살이 자식은 머슴살이 일가에게 인심 잃고 친구에게 손가락질 부지거처(不知去處) 나간 후에 소문이나 들었던가 - 작자 미상, 우부가 - * 선채(先綵) : 혼례 전에 신랑 집에서 신부 집으로 보내는 비단. * 가대(家垈) : 집이나 토지 등을 통틀어 이르는 말. (나) 경인년(庚寅年)에 큰 가뭄이 들어 정월부터 가을 7월에 이르기 까지 비가 내리지 않았다. 봄에는 논밭을 갈지 못했고, 여름에는 김을 맬 수가 없었다. 들판에 있는 풀은 하나같이 누렇게 말랐고, 논밭의 곡식도 모두 시들었다. 부지런한 농부가 말하기를, “김을 매도 죽을 것이고 김을 매지 않아도 죽을 것이다. 편안히 앉아 기다리는 것보다는 힘을 다하여 곡식을 살리는 게 나을 것이다. 만일 비가 내린다면 어찌 그동안 들인 노력이 모두 허사가 되겠는가.”
라고 하였다. 그러므로 논밭은 이미 갈라졌으나 김매기를 그치지 아니하고 싹이 이미 시들었어도 풀 뽑기를 쉬지 아니하여, 한 해가 다 가도록 부지런히 일을 하면서 자신이 할 일에 최선을 다하였다. ⓑ 게으른 농부는 말하기를, “김을 매도 죽을 것이고 김을 매지 않아도 죽을 것이다. 바쁘게 일하면서 수고로운 것보다는 아무 일도 하지 않고 그냥
쉬는 것이 나을 것이다. 만일 비가 오지 않으면 이것 모두 무익하게 될 것이다.” 라고 하였다. 그러므로 밭에서 일하는 농부들을 보고 비웃기를 그치지 않았고, 들밥을 내가는 아녀자들을 보고 조롱하기를 그만두지 않으면서, 한 해가 다 가도록 물러나 앉아 천명을 기다리고 있었다. 나는 일찍이 가을걷이할 무렵 파산(坡山)의 들판에 가 보았다. 그 밭의 절반은 황폐하였고 절반은 곡식이 잘 가꾸어져 있었는데, 절반은 곡식이 성글게 달렸고 절반은 빽빽하게 달려 있었다. 어떤 농부는 목을 뻣뻣이 세우고 하늘을 우러러보고, 또 어떤 농부는 술에 취해 잠이 들어 있었다. 마을 노인에게 이유를 물으니, “저 황폐하고 성긴 곡식은 목을 뻣뻣이 세우고 하늘을 우러러 보는 자들이 무익하다고 여겨 김을 매지 않은 것이고, 잘 가꾸어져 빽빽한 곡식은 술에 취한 채 목이 메어 잠든 자들이 정성과 힘을 다하여 살린 것이다. 한때의 편안함을 탐내었다가 일 년 내내 굶주리게 되었고, 한때의 괴로움을 참아 일 년 내내 배불리 지낼 수 있게 되었다.” 라고 하였다. 아, 열심히 일하여 얻고, 편안하게 놀다가 잃는 것은 비단 농사일만이 아닐 것이다. 오늘날 시서(詩書)를 공부하여 벼슬길에 나아가기를 도모하는 사람들도 어찌 이와 다를 것인가? ⓒ선비들은 젊었을 때에 학문에 뜻을 두고 밤낮없이 부지런히 노력하여 육경(六經)과 온갖 사서(史書)를 탐구하지 않음이 없고 문장과 아름다운 글귀를 익히지 않음이 없다. 저마다 재주를 품고 기이한 재주를 쌓아 과거 시험장에 나아가 솜씨를 겨루어,
한 번에 뜻을 이루지 못하면 못마땅해하고, 두 번에 뜻을 얻지 못하면 마음이 흐려지고, 세 번에도 뜻을 얻지 못하면 스스로 낙심하여 말하기를, “공명에는 분수가 있어서 학문으로 이룰 수 있는 것이 아니며, 부귀는 운명에 달려 있으니 역시 학문으로 이룰 수 있는 것이 아니다.” 라고 한다. 그동안 배운 것을 버리고 아울러 이전에 쌓아 온
바를 버려서 어떤 이는 중도에 그만두기도 하고 또 어떤 이는 문(門)에 거의 다 이르렀다가 되돌아간다. 아홉 길 높이로 산을 쌓고도 한 삼태기의 힘을 마저 쏟지 않는 것과 같으니, 어찌 게을러서 김을 매지 않는 자들과 같지 않으리오. 학문의 수고로움은 농부들이 봄, 여름, 가을의 세 계절을 고생하는 것에 비할 바가 아니나, 학문을 하여 얻는 공이 어찌 농사를 지어 얻는 이로움 정도뿐이겠는가. 농사를 지어 입과 배를 채우는 것은 그 이로움이 적으나, 학문을 하여 명성을 취하는 것은 그 이로움이 크다. 이로움이 작은 일도 오히려 부지런히 하지 않을 수 없는데, 하물며 큰 일을 하면서 부지런하지 않을 수 있겠는가. 마음을 수고롭게 하는 군자는 도리어 몸을 수고롭게 하는 소인이 끝까지 노력함을 알지 못한다. 그러므로 이 글을 지어 그들을 깨우치는 바이다. - 성현, 타농설 -",갈래복합
"어머니의 변명은 끝끝내 내 마음을 어루만져 주지 못했다. 그 후로 나는 좀처럼 아버지에 대한 얘기를 꺼내지 않게 되었다. 뜻밖에도 아버지의 죄를 순순히 시인하는 그녀의 ⓐ 한마디가 내게는 그토록 엄청난 충격으로 깊이 남겨졌던 탓이리라. ㉠바로 그 순간부터 나는 아버지의 그 죄라는 것을 내 스스로 함께 나누어 지니고 만 느낌이었고, 그 때문에 나이에 걸맞지 않게 나는 눈빛이 깊고 어두운 아이가 되어 가고 있었다. 그리고 그때부터 아버지의 무서운 환영은 저주처럼 내 곁을 따라다니기 시작했다. 그는 언제나 시커먼 어둠 저편에 숨어서 음산하기 그지없는 눈빛으로 나를 쏘아보고 있었다. 그는 어디에나 숨어 있었다. 내 어릴 때 이따금 고개를 디밀어 들여다보면 마루 밑 저편 깊숙이 도사리고 있던 그 까마득한 어둠 속에도 그 어둠 속에서 술술 기어 나오던 그 눅눅하고 음습한 냄새 속에서도 내가 한 번도 얼굴을 본 적이 없는 그 사내는 핏발 선 눈알을 번득이며 나를 쏘아보고 있는 것이었다. 그건 어디서 묻었는지도 모르는, 오랜 시간이 흐른 뒤에까지 지워지지 않는 핏자국처럼 내게는 저주와 공포의 낙인으로 깊이 박혀져 있었다. 그리고 그 낙인을 가슴에 지닌 채, 나는 끝끝내 나를 휘감고 있는 어떤 엄청난 죄악감과 불길한 예감으로부터 영영 벗어날 수가 없었다. [중략 부분의 줄거리] 나와 부대원들은 훈련에 대비해 참호를 파다가 발견한 유해를 인근 마을의 노인과 함께 수습하여 매장하는 일을 행한다. 두개골과 다리뼈를 꼼꼼히 문질러 닦은 뒤, 노인은 몸통뼈에 묶인 줄을 풀어내기 시작했다. 완강하게 묶인 매듭은 마침내
노인의 손끝에서 풀리어졌다. 금방이라도 쩔걱쩔걱 쇳소리를 낼 듯한 철삿줄은 싱싱하게 살아 있었다. 살을 녹이고 뼈까지도 녹슬게 만든 그 오랜 시간과 땅 밑의 어둠을 끝끝내 견뎌 내고 그렇듯 시퍼렇게 되살아 나오는 그것의 놀라운 끈질김과 냉혹성이 언뜻 소름끼치도록 무서움증을 느끼게 했다. 노인은 손목과 팔에 묶인 결박까지 마저 풀어낸 다음 허리를 펴고 일어서더니 줄 묶음을 들고 저만치 걸어 나갔다. 그가 허공을 향해 그것을 멀리 내던지는 순간 나는 까닭 모르게 마당가에서 하늘을 치어다보며 서 있는 어머니의 가녀린 목 줄기와 그녀가 아침마다 소반 위에 떠서 올리곤 하던 하얀 물 사발이 눈앞에 떠올랐다가 스러져 버리는 것이었다. ㉡ 나는 담배를 피워 물었다. 멀리 메마른 초겨울의 야산이 헐벗은 등을 까 내놓고 죽은 듯이 엎드려 있었다. 사위는 온통 잿빛의 풍경이었다. 피잉, 현기증이 일었다. 광주리를 머리에 인 어머니가 모래밭을 걸어오고 있었다. 돌돌거리며 흐르는 물소리를 거슬러 강변 모래밭을 어머니가 혼자 저만치서 다가오고 있었다. 모래밭은 하얗게 햇살을 되받아 쏘며 은빛으로 반짝였다. 허리띠를 질끈 동인 어머니의 치맛자락이 흐느적이며 바람결에 흔들리고 있었다. 나는 햇살에 부신 눈을 가늘게 오므리고 줄곧 그녀를 지켜보고 있었다. 그때였다. 꿈속에서 처럼 나는 그녀의 뒤를 바짝 따라오고 있는 한 사내의 환영을 보았다. 그건 아버지였다. ㉢ 언젠가 어머니의 낡은 반닫이 깊숙한 옷가지 밑에 숨겨져 있던 액자 속에서 학생복 차림으로 서 있던 그대로 그건 영락없는 그 사내였다. 나를 어머니의 배 속에 남겨 놓은 채 어느 바람이 몹시 부는 날 밤, 산길을 타고 지리산인가 어디로 황황히 떠나가 버렸다는 사내. 창백해 뵈는 뺨에 마른 몸집의 그 사내가 어머니와 함께 걸어오고 있는 것이었다. 놀란 눈으로 풀밭에 앉아 나는 그들을 지켜보고 있었다. 이윽고 어머니의 눈썹과 코, 입의 윤곽과 야윈 목 줄기까지 뚜렷이 드러날 만큼 가까워졌을 때 사내의 환영은 어느 틈에 사라져 버리고 없었다. 몇 번이나 눈을 비비고 보았으나 역시 마찬가지였다. 하얗게 반짝이는 모래밭 위로 어머니가 찍어 내는 발자국만 유령처럼 끈질기게 그녀의 발꿈치를 뒤따라오고 있을 뿐이었다. 우리는 관 대신에 신문지로 싼 유해를 맨 처음 그 자리에 다시 묻어 주었다. 도톰하니 봉분을 만들고 뗏장까지 입혀 놓고 보니 엉성한 대로 형상은 갖춘 듯싶었다. 노인은 술을 흙 위에 뿌려주었다. 그리고 자신이 먼저 한 모금 마신 다음에 잔을 돌렸다. 오 일병이 노파가 준 북어를 내놓았고, 덕분에 작은 술판이 벌어졌다. 음복인 셈이었다. “얌마, 이런 느닷없는 장례식도 모두 너희 두 놈들 때문이니까, 자 한 잔씩 마셔라.” “그래그래, 어쨌든 너희들은 좋은 일 했으니 천당 가도 되겠다.” 소대장이 병을 기울였고 다른 녀석들도 낄낄대며 ⓑ한마디씩 보태었다. 술이 가득 차오른 반합 뚜껑을 나는 두 손으로 받쳐 들었다. ㉣ 저것 봐라이. ㉮ 날짐승도 때가 되면 돌아올 줄 아는 법이다. 어머니가 말했다. 저만치 웬 사내가 서 있었다. 가슴과 팔목에 철삿줄을 동여맨 채 사내는 이쪽을 응시하며 구부정하게 서 있었다. 퀭하니 열려 있는 그 사내의 눈은 잔뜩 겁에 질려 있는 채로였다. 애앵. 총성이 울렸고 그는 허물어지듯 앞으로 고꾸라지고 있었다. ㉤ 불현듯 시야가 부옇게 흐려 왔다. 아아. 아버지는 지금 어디에 쓰러져 누워 있을 것인가. 해마다 머리맡에 무성한 ㉯쑥부쟁이와 엉겅퀴꽃을 지천으로 피워 내며 이제 아버지는 어느 버려진 밭고랑, 어느 응달진 산기슭에 무덤도 묘비도 없이 홀로 잠들어 있을 것인가. - 임철우, 아버지의 땅 -
",현대소설
"(가) 손 흔들고 떠나갈 미련은 없다 며칠째 청산에 와 발을 푸니 ㉠ 흐리던 산길이 잘 보인다. 상수리 열매를 주우며 인가를 내려다보고 쓰다 둔 편지 구절과 버린 칫솔을 생각한다. 남방으로 가다 길을 놓치고 두어 번 허우적거리는 여울물 산 아래는 때까치들이 몰려와 모든 야성을 버리고 들 가운데 순결해진다. 길을 가다가 자주 뒤를 돌아보게 하는 서른 번 다져 두고 서른 번 포기했던 ⓐ 관습들 서쪽 마을을 바라보면 나무들의 잔숨결처럼 ㉡ 가늘게 흩어지는 저녁 연기가 한 가정의 고민의 양식으로 피어오르고 생목 울타리엔 들거미줄 맨살 ㉢ 비비는 돌들과 함께 누워 실로 이 세상을 앓아 보지 않은 것들과 함께 잠들고 싶다. - 이기철, 청산행 - (나) 나는 차를 앞에 놓고 고즈넉한 저녁에 호을로 마신다. 내가 좋아하는 차를 마신다. 그러나 이것은 다만 사실일 뿐, 차의 짙은 향기와는 관계 없이 이것은 물과 같이 담담한 사실일 뿐이다. 누구의 시킴을 받아 참새 한 마리가 땅에 떨어지는 것도 아니고 누구의 손으로 들국화를 어여삐 가꾼 것도 아니다. 차를 마시는 것은 이와 같이 ㉣ 스스로 달갑고 가장 즐거울 뿐, 이것은 다만 사실이며 또 ⓑ 관습이다. 나의 고즈넉한 관습이다. 물에게 물은 물일 뿐 소금물일 뿐, 앞으로 남은 십년을 더 살든지 죽든지 나에게도 나는 나일 뿐, ㉤ 이제는 차를 마시는 나일 뿐, 이 짙은 향기와는 관계도 없이 차를 마시는 사실과 관습은 내가 아는 내게 대한 모든 것이다. 그리고 모든 것에 대한 모든 것도 된다. - 김현승, 사실과 관습 : 고독 이후 -",현대시
"안녕하세요. ○○○입니다. 여러분, 어제 급식에 나온 김자반 맛있게 드셨나요? 예, 많은 분들이 고개를 끄덕이시네요. 그럼 여기 사진 하나 보실까요? (화면 제시) 이 사진은 김을 사기 위해 길게 줄을 서 있는 외국인들의 모습입니다. 외국인에게도
우리 김의 인기가 대단하지요? 그런데 K-푸드 선두 주자이자 세계인의 입맛을 사로잡은 우리 김을 어떻게 양식하는지 아시는 분은 많지 않을 것 같은데요. (반응을 살피며) 예, 그래서 오늘 제가 김 양식 방법에 대해 소개하려고 합니다. 우리나라의 대표적인 김 양식 방법에는 두 가지가 있습니다. (㉠화면 제시) 지금 보시는 화면은 지주식 양식 방법의 모습입니다. 수심이 낮은 가까운 바다에 김발을 매단 버팀목을 세워 김을 양식하는 것이지요. 밀물과 썰물에 따라 김발이 햇빛과 공기에 노출되기 때문에 맛과 품질이 좋은 김을 생산할 수 있습니다. 그런데 김이 햇빛과 공기에 노출되면 왜 맛과 품질이 좋아질까요? (오른손을 내밀며) 그것은 바로, 광합성이 활발해지고 살균 작용이 일어나기 때문입니다. 다만, 김은 바다의 양분을 먹고 자라야 하기 때문에 지주식 양식 방법은 김의 생장 속도가 더디다는 단점이 있습니다. 지주식 양식보다 좀 더 먼 바다에서 김을 양식하는 방법도 있습니다. (㉡화면 제시) 화면에 보이는 부류식 양식 방법입니다. 이 방법은 뜸에 김발을 매달아 수면 아래 잠기게 하여 김을 키우는 것이지요. 뜸은 김발을 지탱하게 하는 물건입니다. 김이 바닷물에 잠겨 있어 생장이 빨라 지주식 양식 방법에 비해 대량 생산이 가능합니다. 그런데 이 양식 방법은 김이 햇빛과 공기에 직접 노출되지 않아 갯병에 취약한 면이 있습니다. 갯병을 막기 위해 일정 시간 동안 김을 햇빛과 공기 중에 노출하는 김발 뒤집기 작업을 하는데, 이를 노출 부류식 양식 방법으로 구분하기도 합니다. 이렇게 생산된 김은 김부각, 조미김 등 다양한 상품으로 세계 곳곳에 수출되고 있습니다. 검은 반도체라 불리며 수산 식품 수출 1위, 연간 수출액 1조 원을 달성한 우리 김! 우리 김의 미래를 함께 응원해 주세요. 발표 마치겠습니다. ",화법
"(가) 부원 1 : 도서관에 전파 식별 시스템을 설치하고 새로 단장한 지 일주일이 지났네! 학생들 반응이 좋은 것 같아. 그렇지 않니? 부원 2 : 맞아. 반 친구들이 도서관 이용이 편리해졌다는 말을 많이 하더라. 그런 말을 들으니, 전파 식별 시스템을 도입하자고 건의 하길 잘했다는 생각이 들었어. 부원 3 : 전에는 대출이나 반납을 하려면 줄을 길게 서야 했는데, 이젠 안 그래도 돼서 좋다고 하더라. 부원 1 : 바코드를 한 권씩 일일이 찍느라 학생들이 몰릴 땐 시간이 많이 걸렸지. 지금은 그렇지 않으니까. 부원 3 : ㉠ 전파 식별 시스템으로 바뀌니까 여러 권을 동시에 대출하고 반납할 수 있어서 그런가 보다. 부원 2 : 자가 대출 반납기를 사용하게 돼서 점심시간 말고도 도서관을 개방할 수 있게 된 덕분이기도 하고. 부원 1 : 우리 도서부 입장에서도 새 시스템을 활용하니까 장서 관리도 효율적이지 않니? 전보다 훨씬 빨리 끝낸 것 같아. 부원 3 : 그래. ㉡ 장서 점검기로 한 번에 많은 책을 확인할 수 있어서 제자리에 있지 않은 책을 빠르게 정리할 수 있었잖아. 그래서 학생들이 책을 찾기 쉬워졌어. 부원 1 : 그 덕분에 교과와 관련성이 높거나 학생들의 선호도가 높은 책을 눈에 잘 띄는 서가에 배치할 수 있었어. 그래도 시스템이 자리 잡을 때까지는 우리가 계속해서 신경 써야 할 것 같아. 책 읽기 좋은 환경을 조성하는 일이라든지? 부원 3 : 근데, 아직 달라진 도서관에 대해 잘 모르는 학생들이 있더라. 이 문제부터 해결하는 게 어때? 부원 2 : 그럼 우리가 달라진 도서관에 대해 소개하는 안내문을 써서 학급 게시판에 붙여 두자. 부원 1 : 그러니까 안내문으로 학생들의 도서관 이용을 돕자는 말이지? 학교에서 도서관을 새로 단장했다고 학교 누리집에 안내를 해 주긴 했는데, 무엇이 달라졌는지 자세한 내용은 없더라. 부원 3 : 그래. 전파 식별 시스템 도입 전과 비교해서 불편한 점이 어떻게 개선되었는지를 안내하면 좋을 것 같아. 구체적으로 어떤 내용을 넣으면 될까? 부원 2 : ㉢ 자가 대출 반납기가 있어서 직접 대출과 반납을 할 수 있다고 알려 주면 친구들이 관심을 가질 것 같아. 부원 1 : 좋은 생각이야. 학생증이 없더라도 아이디와 비밀번호를 입력하면 대출과 반납을 할 수 있다는 것도 알려 주자. 부원 2 : ㉣ 대출하지 않은 책을 도서관 밖으로 들고 나가면 경보음이 울린다는 설명도 꼭 넣었으면 해. 부원 3 : ㉤ 도서관을 새롭게 단장한 만큼 우리가 진행하는 도서관 행사를 소개하면 더 많은 학생이 도서관에 방문할 거야. 부원 1 : 그럼 내가 내용을 정리해서 초고를 써 볼게. 부원 2, 3 : 좋아! (나) 우리 학교 도서관이 새 단장을 마쳤습니다. 전파 식별 시스템 도입으로 달라진 우리 학교 도서관을 여러분에게 소개합니다. 길게 줄 서는 일 없이 대출?반납이 가능합니다. 전파 식별
시스템 덕분에 바코드를 일일이 찍지 않고, 한 번에 여러 권을
동시에 처리할 수 있기 때문입니다.
대출 가능 시간이 확대되었습니다. 과거에는 도서부원이 있는
점심시간에만 대출이 가능했습니다. 하지만 이제는 도서부원이
없어도, 점심시간이 아닌 때에도 직접 도서 대출이 가능합니다.
도서부원은 앞으로 책 읽기 좋은 환경을 조성하는 일에 힘쓰겠습니다.
자가 대출 반납기 이용 방법을 안내합니다. 먼저, 자가 대출
반납기에 책들을 올리고 학생증을 인식시킵니다. 학생증이 없을
때는 아이디와 비밀번호를 입력합니다. 화면에 표시된 도서
목록을 확인한 후 대출 또는 반납 버튼을 누르고, 완료된 후
확인증을 받으면 됩니다.
도서관 이용 편의성을 고려하여 도서를 배치했습니다. 이전에는
제자리에 없던 도서가 많았지만, 지금은 정리되어 원하는 도서를
바로 찾을 수 있습니다. 특히, 교과 연계 도서, 선호도가 높은
도서를 눈에 잘 띄는 서가에 배치해 두었습니다.
도서관 출입구에 도서 분실 방지 장치가 작동 중입니다. 대출
절차 없이 도서관 밖으로 책을 들고 나가면 경보음이 울립니다.
도서관의 새 단장을 기념하기 위해 다양한 행사를 준비하였
습니다. 추천 도서 소개, 도서 속 보물찾기 등이 있습니다.
더욱 편리해진 도서관, 앞으로도 많은 이용 바랍니다.
○○고등학교 도서관",화법과 작문
"[작문 상황] 우리 지역 신문 독자란에 청소년 국가유산 지킴이 활동의 활성화를 위해 설득하는 글을 쓰려 함. [초고] 지난 주말 청소년 국가유산 지킴이 활동의 하나로, ○○고택 주변을 정화하는 봉사 활동에 참여하였다. 고택 주변의 잡초도 제거하고 쓰레기도 정리하니 한결 보기 좋았고, 지역의 국가 유산을 돌보는 일에 동참했다는 생각에 뿌듯했다. 지역 청소년이 함께 이 활동에 참여해 보람도 느끼고 국가유산에 관심을 갖게 되면 좋겠다고 생각했다. 국가유산은 문화유산, 자연유산, 무형유산을 포함한 용어로, 재화적 성격이 강한 ‘문화재’ 대신 사용하게 된 명칭이다. 청소년 국가유산 지킴이는 국가유산을 자발적으로 보호하고 관리하는 청소년 자원봉사자이다. 청소년이라면 누구나 청소년 국가유산 지킴이로 활동할 수 있는데, 자기 지역의 국가유산 중 돌보고자 하는 것을 선택한 후 청소년 국가유산 지킴이 누리집에서 위촉 신청 절차를 밟으면 된다. 청소년 국가유산 지킴이 활동은 [A] 이러한 유익함에 더하여 청소년은 봉사 활동을 하며 보람을 얻을 수 있고, 자신의 미래를 계획하는 데에도 도움을 받을 수 있다. 그런데 아직 청소년 국가유산 지킴이 활동은 활성화되어 있지 않다. 그 이유는 청소년 국가유산 지킴이 활동이 왜 중요한지, 활동을 어떻게 해야 하는지에 대한 교육이 부족하기 때문이다. 또한 지역 청소년이 쉽게 참여할 수 있는 프로그램이 적으며 그에 대한 홍보 역시 미흡하다. 이를 보완하여 청소년 국가유산 지킴이 활동을 활성화하기 위해서는 지역 구성원의 노력이 필요하다. 청소년이 국가유산 지킴이 활동에 참여하기 위해서는 누리집에 신청서를 제출한 후 승인을 받아야 한다. 지자체나 지역 단체는 청소년의 다양한 활동 프로그램을 개발하고 홍보하여 정보의 접근성을 높이는 데 노력을 기울일 필요가 있다. 그리고 국가유산 관련 캠페인으로 청소년의 참여를 독려하는 방안도 고려할 수 있다. 이를 통해 우리 청소년도 지역 국가유산에 관심을 가지고 국가유산을 지키는 일에 주도적으로 동참할 수 있을 것이다. 청소년 국가유산 지킴이 활동은 물려받은 국가유산뿐만 아니라 국가유산을 돌보는 문화도 후손들에게 함께 물려주는 일이라는데 의미가 있다. 국가유산 지킴이 활동을 통해 청소년이 국가 유산을 만난다는 것은 자신과 세상을 보는 안목을 키우는 일이 될 것이다. ",작문
